Profile Picture,Name,Mobile,Specialty,Location,Experience
doctorProfile.png,Dr. Sarah Patel,185,Pulmonologist,New York,12years
doctorProfile.png,Dr. James Lee,186,Thoracic Surgeon,Los Angeles,15years
doctorProfile.png,Dr. Emily Johnson,187,Cardiologist,Chicago,10years
doctorProfile.png,Dr. Mark Thompson,188,Pulmonologist,Houston,8years
doctorProfile.png,Dr. Lisa Chen,189,Infectious Disease Specialist,Boston,11years
doctorProfile.png,Dr. Michael Davis,190,Cardiologist,Miami,13years
doctorProfile.png,Dr. Sophia Rodriguez,191,Nephrologist,Dallas,9years
doctorProfile.png,Dr. David Miller,192,Pulmonologist,San Francisco,14years
doctorProfile.png,Dr. Rachel White,193,Cardiothoracic Surgeon,Seattle,16years
doctorProfile.png,Dr. Andrew Wilson,194,Pulmonologist,Atlanta,7years
doctorProfile.png,Dr. Laura Adams,195,Respiratory Therapist,Philadelphia,10years
doctorProfile.png,Dr. Jennifer Clark,196,Pulmonologist,Phoenix,12years
doctorProfile.png,Dr. William Roberts,197,Rheumatologist,Denver,11years
doctorProfile.png,Dr. Benjamin Carter,198,General Surgeon,San Diego,14years
doctorProfile.png,Dr. Thomas Moore,199,Pulmonologist,Austin,9years
doctorProfile.png,Dr. Jessica Nguyen,200,Oncologist,Orlando,11years
doctorProfile.png,Dr. Matthew Harris,201,Oncologist,San Antonio,13years
doctorProfile.png,Dr. Christopher Taylor,202,Surgeon,Minneapolis,15years
doctorProfile.png,Dr. Samantha Lewis,203,Pulmonologist,Detroit,8years
doctorProfile.png,Dr. Karen Wong,204,Endocrinologist,Portland,10years
doctorProfile.png,Dr. Ryan Martinez,205,Pulmonologist,Charlotte,11years
doctorProfile.png,Dr. Amanda Johnson,206,Thoracic Surgeon,Tampa,14years
doctorProfile.png,Dr. Jason Smith,207,Pulmonologist,Nashville,12years
doctorProfile.png,Dr. Laura Brown,208,Infectious Disease Specialist,Pittsburgh,9years
doctorProfile.png,Dr. Daniel Wilson,209,Pulmonologist,Sacramento,16years
doctorProfile.png,Dr. Sophia Lee,210,Cardiothoracic Surgeon,Salt Lake City,13years
doctorProfile.png,Dr. John Thompson,211,Nephrologist,Houston,11years
doctorProfile.png,Dr. Alex Johnson,212,Pulmonologist,Los Angeles,10years
doctorProfile.png,Dr. Emma Garcia,213,Cardiologist,New York,9years
doctorProfile.png,Dr. Jacob Wilson,214,Oncologist,Chicago,12years
doctorProfile.png,Dr. Olivia Brown,215,General Surgeon,Miami,11years
doctorProfile.png,Dr. Ethan Taylor,216,Pulmonologist,Dallas,8years
doctorProfile.png,Dr. Ava Anderson,217,Cardiothoracic Surgeon,San Francisco,15years
doctorProfile.png,Dr. Benjamin Garcia,218,Pulmonologist,Atlanta,10years
doctorProfile.png,Dr. Mia Martinez,219,Nephrologist,Philadelphia,13years
doctorProfile.png,Dr. William Miller,220,Cardiologist,Phoenix,14years
doctorProfile.png,Dr. Emma Wilson,221,Pulmonologist,Seattle,11years
